{
    "rmse": 0.6581535472866779,
    "mae": 0.5133808579894786,
    "r2": 0.3236007310961315
}